{"cameraMode":{"drawMode":0,"name":"Shaded","section":"Shading Mode"},"sceneLighting":false,"audioPlay":false,"sceneViewState":{"showFog":true,"showMaterialUpdate":false,"showSkybox":true,"showFlares":true,"showImageEffects":true,"showParticleSystems":true},"in2DMode":false,"pivot":{"x":258.3673095703125,"y":102.044677734375,"z":577.505615234375},"rotation":{"x":-0.18542779982089997,"y":-0.6688794493675232,"z":0.17780102789402009,"w":-0.6975698471069336},"size":2118.780029296875,"orthographic":false}