{"cameraMode":{"drawMode":0,"name":"Shaded","section":"Shading Mode"},"sceneLighting":false,"audioPlay":false,"sceneViewState":{"showFog":true,"showMaterialUpdate":false,"showSkybox":true,"showFlares":true,"showImageEffects":true,"showParticleSystems":true},"in2DMode":false,"pivot":{"x":39.0606803894043,"y":-30.8750057220459,"z":0.8556817173957825},"rotation":{"x":-0.2505318522453308,"y":-0.6560952663421631,"z":0.24606604874134065,"w":-0.6680002808570862},"size":63.06102752685547,"orthographic":false}